<Defs>
<RecipeDef>
    <defName>Make_BrainChip</defName>
    <label>make a brain matrix chip</label>
    <description>Make a Syntho Personality Matrix.</description>
    <jobString>Making Syntho Personality Matrix.</jobString>
    <workSpeedStat>SmithingSpeed</workSpeedStat>
    <effectWorking>Cook</effectWorking>
    <soundWorking>Recipe_Machining</soundWorking>
    <workAmount>5000</workAmount>
    <unfinishedThingDef>UnfinishedComponent</unfinishedThingDef>
    <ingredients>
      <li>
        <filter>
          <thingDefs>
            <li>Plasteel</li>
          </thingDefs>
        </filter>
        <count>6</count>
      </li>
	  <li>
        <filter>
          <thingDefs>
            <li>Gold</li>
          </thingDefs>
        </filter>
        <count>1</count>
      </li>
	  <li>
        <filter>
          <thingDefs>
            <li>RawEnargo</li>
          </thingDefs>
        </filter>
        <count>2</count>
      </li>
    </ingredients>
    <fixedIngredientFilter>
      <thingDefs>
        <li>Steel</li>
		<li>Gold</li>
		<li>RawEnargo</li>
      </thingDefs>
    </fixedIngredientFilter>
    <products>
      <Syntho_BrainChip>1</Syntho_BrainChip>
    </products>
		<skillRequirements>
			<Crafting>8</Crafting>
			<!--Intellectual>2</Intellectual-->
		</skillRequirements>
    <workSkill>Crafting</workSkill>
	<researchPrerequisite>SynthoBrainChipTech</researchPrerequisite>
	<recipeUsers>
		<li>TableMachining</li>
	</recipeUsers>
 </RecipeDef>
  
  <RecipeDef>
    <defName>Make_OrganBox</defName>
    <label>make a box of synthetic organs</label>
    <description>Make a box of synthetic organs.</description>
    <jobString>Making box of synthetic organs.</jobString>
    <workSpeedStat>MedicalOperationSpeed</workSpeedStat>
    <effectWorking>Cook</effectWorking>
    <soundWorking>Recipe_Machining</soundWorking>
	<allowMixingIngredients>true</allowMixingIngredients>
    <workAmount>5000</workAmount>
    <unfinishedThingDef>UnfinishedComponent</unfinishedThingDef>
    <ingredients>
		<li>
			<filter>
				<categories>
					<li>MeatRaw</li>
                </categories>
			</filter>
			<count>20</count>
		</li>
	  <li>
        <filter>
          <thingDefs>
            <li>Gold</li>
          </thingDefs>
        </filter>
        <count>10</count>
      </li>
	  <li>
        <filter>
          <thingDefs>
            <li>RawEnargo</li>
          </thingDefs>
        </filter>
        <count>50</count>
      </li>
    </ingredients>
    <fixedIngredientFilter>
      <thingDefs>
		<li>Gold</li>
		<li>RawEnargo</li>
      </thingDefs>
	  <categories>
		<li>MeatRaw</li>
       </categories>
    </fixedIngredientFilter>
    <products>
      <Syntho_OrganBox>1</Syntho_OrganBox>
    </products>
		<skillRequirements>
			<Medicine>8</Medicine>
			<!--Intellectual>2</Intellectual-->
		</skillRequirements>
    <workSkill>Medicine</workSkill>
	<researchPrerequisite>SynthoPrinting1</researchPrerequisite>
 </RecipeDef>
 
   <RecipeDef>
    <defName>Make_BoneBox</defName>
    <label>make a box of synthetic bones</label>
    <description>Make a box of synthetic bones.</description>
    <jobString>Making box of synthetic bones.</jobString>
    <workSpeedStat>MedicalOperationSpeed</workSpeedStat>
    <effectWorking>Cook</effectWorking>
    <soundWorking>Recipe_Machining</soundWorking>
	<allowMixingIngredients>true</allowMixingIngredients>
    <workAmount>5000</workAmount>
    <unfinishedThingDef>UnfinishedComponent</unfinishedThingDef>
    <ingredients>
		<li>
			<filter>
				<categories>
					<li>StoneBlocks</li>
                </categories>
			</filter>
			<count>100</count>
		</li>
	  <li>
        <filter>
          <thingDefs>
            <li>Silver</li>
          </thingDefs>
        </filter>
        <count>20</count>
      </li>
	  <li>
        <filter>
          <thingDefs>
            <li>RawEnargo</li>
          </thingDefs>
        </filter>
        <count>50</count>
      </li>
    </ingredients>
    <fixedIngredientFilter>
      <thingDefs>
		<li>Silver</li>
		<li>RawEnargo</li>
      </thingDefs>
	  <categories>
		<li>StoneBlocks</li>
       </categories>
    </fixedIngredientFilter>
    <products>
      <Syntho_BoneBox>1</Syntho_BoneBox>
    </products>
		<skillRequirements>
			<Medicine>8</Medicine>
			<!--Intellectual>2</Intellectual-->
		</skillRequirements>
    <workSkill>Medicine</workSkill>
	<researchPrerequisite>SynthoPrinting1</researchPrerequisite>
 </RecipeDef>
 
 <RecipeDef>
    <defName>Make_SkinPile</defName>
    <label>make a pile of skin</label>
    <description>Make a pile of skin.</description>
    <jobString>Making a pile of skin.</jobString>
    <workSpeedStat>MedicalOperationSpeed</workSpeedStat>
    <effectWorking>Cook</effectWorking>
    <soundWorking>Recipe_Machining</soundWorking>
	<allowMixingIngredients>true</allowMixingIngredients>
    <workAmount>1000</workAmount>
    <unfinishedThingDef>UnfinishedComponent</unfinishedThingDef>
    <ingredients>
		<li>
			<filter>
				<categories>
					<li>Leathers</li>
                </categories>
			</filter>
			<count>10</count>
		</li>
	  <li>
        <filter>
          <thingDefs>
            <li>Silver</li>
          </thingDefs>
        </filter>
        <count>1</count>
      </li>
	  <li>
        <filter>
          <thingDefs>
            <li>RawEnargo</li>
          </thingDefs>
        </filter>
        <count>1</count>
      </li>
    </ingredients>
    <fixedIngredientFilter>
      <thingDefs>
		<li>Silver</li>
		<li>RawEnargo</li>
      </thingDefs>
	  <categories>
		<li>Leathers</li>
       </categories>
    </fixedIngredientFilter>
    <products>
      <Syntho_SkinPile>1</Syntho_SkinPile>
    </products>
		<skillRequirements>
			<Medicine>8</Medicine>
			<!--Intellectual>2</Intellectual-->
		</skillRequirements>
    <workSkill>Medicine</workSkill>
	<researchPrerequisite>SynthoPrinting1</researchPrerequisite>
 </RecipeDef>
 
 <!--RecipeDef>
    <defName>Make_Fluid</defName>
    <label>make ten gallons of sterile fluid</label>
    <description>Make ten gallons of sterile fluid.</description>
    <jobString>Making ten gallons of sterile fluid</jobString>
    <workSpeedStat>CookSpeed</workSpeedStat>
    <effectWorking>Cook</effectWorking>
    <soundWorking>Recipe_Machining</soundWorking>
	<allowMixingIngredients>true</allowMixingIngredients>
    <workAmount>1200</workAmount>
    <unfinishedThingDef>UnfinishedComponent</unfinishedThingDef>
    <ingredients>
		<li>
			<filter>
				<categories>
					<li>Leathers</li>
                </categories>
			</filter>
			<count>10</count>
		</li>
	  <li>
        <filter>
          <thingDefs>
            <li>Silver</li>
          </thingDefs>
        </filter>
        <count>1</count>
      </li>
	  <li>
        <filter>
          <thingDefs>
            <li>RawEnargo</li>
          </thingDefs>
        </filter>
        <count>1</count>
      </li>
    </ingredients>
    <fixedIngredientFilter>
      <thingDefs>
		<li>Silver</li>
		<li>RawEnargo</li>
      </thingDefs>
	  <categories>
		<li>Leathers</li>
       </categories>
    </fixedIngredientFilter>
    <products>
      <Syntho_Fluid>10</Syntho_Fluid>
    </products>
		<skillRequirements>
			<Cooking>8</Cooking>
			
		</skillRequirements>
    <workSkill>Cooking</workSkill>
	<researchPrerequisite>SynthoVatTech</researchPrerequisite>
 </RecipeDef-->
  </Defs>