<Defs>
    <ThingDef Name="MealBase" Abstract="True">
    <thingClass>ThingWithComps</thingClass>
    <category>Item</category>
    <useHitPoints>true</useHitPoints>
    <selectable>true</selectable>
    <statBases>
      <MaxHitPoints>50</MaxHitPoints>
      <Flammability>1.0</Flammability>
			<Beauty>-4</Beauty>
			<Mass>0.44</Mass>
		</statBases>
    <altitudeLayer>Item</altitudeLayer>
    <stackLimit>10</stackLimit>
    <tickerType>Rare</tickerType>
    <socialPropernessMatters>true</socialPropernessMatters>
    <thingCategories>
      <li>FoodMeals</li>
    </thingCategories>
    <alwaysHaulable>true</alwaysHaulable>
    <comps>
      <li Class="CompProperties_Forbiddable" />
      <li Class="CompProperties_Ingredients" />
      <li Class="CompProperties_FoodPoisonable" />
    </comps>
    <pathCost>15</pathCost>
    <resourceReadoutPriority>Last</resourceReadoutPriority>
    <drawGUIOverlay>true</drawGUIOverlay>
    <ingestible>
      <foodType>Meal</foodType>
      <maxNumToIngestAtOnce>1</maxNumToIngestAtOnce>
    </ingestible>
  </ThingDef>
  
    <ThingDef ParentName="MealBase">
    <defName>EnargoMealS</defName>
    <label>simple Enargo Meal</label>
	<category>Item</category>
    <description>Boiled Enargo mash. Quick, easy, cheap.</description>
    <graphicData>
      <texPath>Enargo/Meal/Simple</texPath>
      <graphicClass>Graphic_StackCount</graphicClass>
    </graphicData>
    <statBases>
      <MarketValue>25.0</MarketValue>
      <Mass>0.4</Mass>
      <DeteriorationRate>2.05</DeteriorationRate>
	  <Nutrition>0.9</Nutrition>
    </statBases>
    <stackLimit>25</stackLimit>
    <ingestible>
      <foodType>AnimalProduct</foodType>
      <preferability>MealFine</preferability>
      <joy>0.15</joy>
      <joyKind>Gluttonous</joyKind>
      <ingestEffect>EatVegetarian</ingestEffect>
      <ingestSound>Meal_Eat</ingestSound>
    </ingestible>
  </ThingDef>
  
      <ThingDef ParentName="MealBase">
    <defName>EnargoMealL</defName>
    <label>Lavish Enargo Meal</label>
	<category>Item</category>
    <description>Enargo mash, and steamed mini-enargo. Glass of juiced mini-enargo to wash it all down with. Now this is living!</description>
    <graphicData>
      <texPath>Enargo/Meal/Lavish</texPath>
      <graphicClass>Graphic_StackCount</graphicClass>
    </graphicData>
    <statBases>
      <MarketValue>30.0</MarketValue>
      <Mass>0.4</Mass>
      <Nutrition>1</Nutrition>
      <DeteriorationRate>2.05</DeteriorationRate>
    </statBases>
    <stackLimit>25</stackLimit>
    <ingestible>
      <foodType>AnimalProduct</foodType>
      <preferability>MealLavish</preferability>
	  <tasteThought>AteLavishMeal</tasteThought>
      <joy>0.25</joy>
      <joyKind>Gluttonous</joyKind>
      <ingestEffect>EatVegetarian</ingestEffect>
      <ingestSound>Meal_Eat</ingestSound>
    </ingestible>
  </ThingDef>
  
  <ThingDef ParentName="MealBase">
    <defName>EnargoPaste</defName>
    <label>Enargo Paste Meal</label>
    <description>not actually Enargo. Just nutrients enriched with similar energies and painted blue.</description>
    <graphicData>
      <texPath>Enargo/Meal/Paste</texPath>
      <graphicClass>Graphic_StackCount</graphicClass>
    </graphicData>
    <statBases>
      <MarketValue>10</MarketValue>
	  <Nutrition>0.80</Nutrition>
    </statBases>
    <ingestible>
      <preferability>MealSimple</preferability>
			<tasteThought>AteAwfulMeal</tasteThought>
      <ingestEffect>EatVegetarian</ingestEffect>
      <ingestSound>Meal_Eat</ingestSound>
    </ingestible>
  </ThingDef>
  
</Defs>