<?xml version="1.0" encoding="utf-8" ?>
<Defs>

  <PawnKindDef Abstract="True" Name="BaseSynthoPawnKind">
    <race>Alien_Syntho</race>
    <combatPower>50</combatPower>
    <baseRecruitDifficulty>0.50</baseRecruitDifficulty>
    <isFighter>true</isFighter>
    <apparelIgnoreSeasons>true</apparelIgnoreSeasons>
    <forceNormalGearQuality>true</forceNormalGearQuality>
  </PawnKindDef>

  <PawnKindDef ParentName="BaseSynthoPawnKind">
    <defName>Syntho</defName>
    <label>colonist</label>
    <defaultFactionType>SynthoColony</defaultFactionType>
    <backstoryCategory>Syntho</backstoryCategory>
	    <apparelTags>
      <li>Syntho</li>
    </apparelTags>
    <apparelMoney>
      <min>1000</min>
      <max>2400</max>
    </apparelMoney>
  </PawnKindDef>

</Defs>