<Defs>
<PawnKindDef ParentName="BasePlayerPawnKind">
    <defName>SynthoSlave</defName>
    <label>Syntho Slave</label>
    <race>Alien_Syntho</race>
	<defaultFactionType>SynthoColony</defaultFactionType>
	<combatPower>50</combatPower>
	    <apparelMoney>
      <min>0</min>
      <max>100</max>
    </apparelMoney>
	<backstoryCategory>SynthoBackstory</backstoryCategory>
</PawnKindDef>
<PawnKindDef ParentName="BasePlayerPawnKind">
    <defName>SynthoRefugee</defName>
    <label>Syntho Refugee</label>
    <race>Alien_Syntho</race>
	<defaultFactionType>SynthoColony</defaultFactionType>
	<combatPower>50</combatPower>
	<forceNormalGearQuality>true</forceNormalGearQuality>
	<gearHealthRange>
      <min>0.4</min>
      <max>1.4</max>
    </gearHealthRange>
    <apparelMoney>
      <min>100</min>
      <max>1000</max>
    </apparelMoney>
		<apparelTags>
			<li>Syntho</li>
		</apparelTags>
			<weaponTags>
			<li>Gun</li>
			<li>NonNeolithicOnlyMelee</li>
		</weaponTags>
		<weaponMoney>
			<min>200</min>
			<max>500</max>
		</weaponMoney>
		<apparelAllowHeadgearChance>1</apparelAllowHeadgearChance>
	<backstoryCategory>SynthoBackstory</backstoryCategory>
</PawnKindDef>
        <pawnKindSettings>
			<alienslavekinds>
				<li>
					<kindDefs>
						<li>SynthoSlave</li>
					</kindDefs>
					<chance>50.0</chance>
				</li>
			</alienslavekinds>
			<alienrefugeekinds>
				<li>
					<kindDefs>
						<li>SynthoRefugee</li>
					</kindDefs>
					<chance>50.0</chance>
				</li>
			</alienrefugeekinds>
			<alienwandererkinds>
        <li>
            <pawnKindEntries>
                <li>
                    <kindDefs>
                        <li>Syntho</li>
                    </kindDefs>
                    <chance>50.0</chance>
                </li>
            </pawnKindEntries>
            <factionDefs>
                <li>PlayerColony</li> 
            </factionDefs>
        </li>
    </alienwandererkinds>
        </pawnKindSettings>
		
<PawnKindDef ParentName="BasePlayerPawnKind">
    <defName>SynthoClone</defName>
    <label>Syntho</label>
    <race>Alien_Syntho</race>
	<defaultFactionType>SynthoColony</defaultFactionType>
	<combatPower>50</combatPower>
	    <apparelMoney>
      <min>0</min>
      <max>0</max>
    </apparelMoney>
	<backstoryCategory>SynthoBackstory</backstoryCategory>
</PawnKindDef>

</Defs>