<Patch>

	<Operation Class="PatchOperationAdd">
		<xpath>/Defs/BiomeDef[defName = "BorealForest"]/wildAnimals</xpath>
		<value>
			<!--EnargoCow>0.25</EnargoCow-->
			<EnargoGazelleMag>0.3</EnargoGazelleMag>
		</value>
	</Operation>
	<Operation Class="PatchOperationAdd">
		<xpath>/Defs/BiomeDef[defName = "Tundra"]/wildAnimals</xpath>
		<value>
			<!--EnargoCow>0.2</EnargoCow-->
			<EnargoGazelleMag>0.05</EnargoGazelleMag>
		</value>
	</Operation>
	<Operation Class="PatchOperationAdd">
		<xpath>/Defs/BiomeDef[defName = "TemperateForest"]/wildAnimals</xpath>
		<value>
			<!--EnargoCow>0.3<EnargoCow-->
			<EnargoGazelleMag>0.5</EnargoGazelleMag>
		</value>
	</Operation>
	<Operation Class="PatchOperationAdd">
		<xpath>/Defs/BiomeDef[defName = "TemperateSwamp"]/wildAnimals</xpath>
		<value>
			<!--EnargoCow>0.3<EnargoCow-->
			<EnargoGazelleMag>0.5</EnargoGazelleMag>
		</value>
	</Operation>
	<Operation Class="PatchOperationAdd">
		<xpath>/Defs/BiomeDef[defName = "TropicalRainforest"]/wildAnimals</xpath>
		<value>
			<!--EnargoCow>0.2</EnargoCow-->
			<EnargoGazelleMag>0.4</EnargoGazelleMag>
		</value>
	</Operation>
	<Operation Class="PatchOperationAdd">
		<xpath>/Defs/BiomeDef[defName = "TropicalSwamp"]/wildAnimals</xpath>
		<value>
			<!--EnargoCow>0.2</EnargoCow-->
			<EnargoGazelleMag>0.4</EnargoGazelleMag>
		</value>
	</Operation>
	<Operation Class="PatchOperationAdd">
		<xpath>/Defs/BiomeDef[defName = "AridShrubland"]/wildAnimals</xpath>
		<value>
			<!--EnargoCow>0.4<EnargoCow-->
			<EnargoGazelleMag>0.75</EnargoGazelleMag>
		</value>
	</Operation>
	<Operation Class="PatchOperationAdd">
		<xpath>/Defs/BiomeDef[defName = "Desert"]/wildAnimals</xpath>
		<value>
			<!--EnargoCow>0.1<EnargoCow-->
			<EnargoGazelleMag>0.1</EnargoGazelleMag>
		</value>
	</Operation>
	
	<Operation Class="PatchOperationAdd">
		<xpath>*/WorkGiverDef[defName = "DoBillsCook"]/fixedBillGiverDefs</xpath>
		<value>
			<li>EnargoBlender</li>
		</value>
	</Operation>
</Patch>