<?xml version="1.0" encoding="UTF-8"?>
<Defs>

	<HairDef>
		<label>Bushy</label>
		<texPath>Syntho/Hair/Bushy</texPath>
		<defName>Bushy</defName>
			<hairTags>
		<li>Syntho</li>
			</hairTags>
		<hairGender>Female</hairGender>
	</HairDef>
  	<HairDef>
		<label>Braid</label>
		<texPath>Syntho/Hair/Braid</texPath>
		<defName>Braid</defName>
			<hairTags>
		<li>Syntho</li>
			</hairTags>
		<hairGender>Female</hairGender>
	</HairDef>
	<HairDef>
		<label>Breaker</label>
		<texPath>Syntho/Hair/Breaker</texPath>
		<defName>Breaker</defName>
			<hairTags>
		<li>Syntho</li>
			</hairTags>
		<hairGender>MaleUsually</hairGender>
	</HairDef>
	<HairDef>
		<label>Bunches</label>
		<texPath>Syntho/Hair/Bunches</texPath>
		<defName>Bunches</defName>
			<hairTags>
		<li>Syntho</li>
			</hairTags>
		<hairGender>Female</hairGender>
	</HairDef>
	<HairDef>
		<label>ClassyF</label>
		<texPath>Syntho/Hair/ClassyF</texPath>
		<defName>ClassyF</defName>
			<hairTags>
		<li>Syntho</li>
			</hairTags>
		<hairGender>Female</hairGender>
	</HairDef>
		<HairDef>
		<label>ClassyM</label>
		<texPath>Syntho/Hair/ClassyM</texPath>
		<defName>ClassyM</defName>
			<hairTags>
		<li>Syntho</li>
			</hairTags>
		<hairGender>Male</hairGender>
	</HairDef>
	<HairDef>
		<label>Fauxhawk</label>
		<texPath>Syntho/Hair/Fauxhawk</texPath>
		<defName>Fauxhawk</defName>
			<hairTags>
		<li>Syntho</li>
			</hairTags>
		<hairGender>FemaleUsually</hairGender>
	</HairDef>
   	<HairDef>
		<label>FemShort</label>
		<texPath>Syntho/Hair/FemShort</texPath>
		<defName>FemShort</defName>
			<hairTags>
		<li>Syntho</li>
			</hairTags>
		<hairGender>Female</hairGender>
	</HairDef>
	   	<HairDef>
		<label>HalfShaved</label>
		<texPath>Syntho/Hair/HalfShaved</texPath>
		<defName>HalfShaved</defName>
			<hairTags>
		<li>Syntho</li>
			</hairTags>
		<hairGender>Female</hairGender>
	</HairDef>
	   	<HairDef>
		<label>Hime</label>
		<texPath>Syntho/Hair/Hime</texPath>
		<defName>Hime</defName>
			<hairTags>
		<li>Syntho</li>
			</hairTags>
		<hairGender>Female</hairGender>
	</HairDef>
	   	<HairDef>
		<label>Layered</label>
		<texPath>Syntho/Hair/Layered</texPath>
		<defName>Layered</defName>
			<hairTags>
		<li>Syntho</li>
			</hairTags>
		<hairGender>Female</hairGender>
	</HairDef>
	   	<HairDef>
		<label>Neat</label>
		<texPath>Syntho/Hair/Neat</texPath>
		<defName>Neat</defName>
			<hairTags>
		<li>Syntho</li>
			</hairTags>
		<hairGender>Any</hairGender>
	</HairDef>
	   	<HairDef>
		<label>StraightLong</label>
		<texPath>Syntho/Hair/StraightLong</texPath>
		<defName>StraightLong</defName>
			<hairTags>
		<li>Syntho</li>
			</hairTags>
		<hairGender>Female</hairGender>
	</HairDef>
	   	<!--HairDef>
		<label>SweptBack</label>
		<texPath>Syntho/Hair/SweptBack</texPath>
		<defName>SweptBack</defName>
			<hairTags>
		<li>Syntho</li>
			</hairTags>
		<hairGender>Male</hairGender>
	</HairDef-->
		   	<HairDef>
		<label>Short</label>
		<texPath>Syntho/Hair/short</texPath>
		<defName>Short</defName>
			<hairTags>
		<li>Syntho</li>
			</hairTags>
		<hairGender>Female</hairGender>
	</HairDef>
	<HairDef>
		<label>Twin</label>
		<texPath>Syntho/Hair/twin</texPath>
		<defName>Twin</defName>
			<hairTags>
		<li>Syntho</li>
			</hairTags>
		<hairGender>Female</hairGender>
	</HairDef>
		   	<HairDef>
		<label>Long</label>
		<texPath>Syntho/Hair/long</texPath>
		<defName>Long</defName>
			<hairTags>
		<li>Syntho</li>
			</hairTags>
		<hairGender>Female</hairGender>
	</HairDef>
		   	<HairDef>
		<label>Pony</label>
		<texPath>Syntho/Hair/pony</texPath>
		<defName>Pony</defName>
			<hairTags>
		<li>Syntho</li>
			</hairTags>
		<hairGender>Female</hairGender>
	</HairDef>
		   	<!--HairDef>
		<label>Vintage</label>
		<texPath>Syntho/Hair/Vintage</texPath>
		<defName>Vintage</defName>
			<hairTags>
		<li>Syntho</li>
			</hairTags>
		<hairGender>Male</hairGender>
	</HairDef-->
		   	<!--HairDef>
		<label>Warrior</label>
		<texPath>Syntho/Hair/Warrior</texPath>
		<defName>Warrior</defName>
			<hairTags>
		<li>Syntho</li>
			</hairTags>
		<hairGender>Male</hairGender>
	</HairDef-->
	
 </Defs>
  