<Defs>
<WorkGiverDef>
    <defName>DoBillsPrintingLab</defName>
    <label>make things at printing lab</label>
    <giverClass>WorkGiver_DoBill</giverClass>
    <workType>Doctor</workType>
    <priorityInType>75</priorityInType>
    <fixedBillGiverDefs>
      <li>Syntho_Printer</li>
    </fixedBillGiverDefs>
    <verb>print</verb>
    <gerund>printing at</gerund>
    <requiredCapacities>
      <li>Manipulation</li>
    </requiredCapacities>
    <prioritizeSustains>true</prioritizeSustains>
  </WorkGiverDef>
 </Defs>