<Defs>
<WorkGiverDef>
	<defName>Syntho_OrderProcessor_PawnVat_Deposit</defName>
	<label>process order for syntho vat</label>
	<giverClass>Syntho.WorkGiver_GrowerOrderProcessor</giverClass>
	<workType>Hauling</workType>
	<verb>fill</verb>
	<gerund>filling</gerund>
	<priorityInType>20</priorityInType>
	<requiredCapacities>
		<li>Manipulation</li>
	</requiredCapacities>
	<fixedBillGiverDefs>
		<li>SynthoVat</li>
	</fixedBillGiverDefs>
		<modExtensions>
			<li Class="Syntho.SynthoAIProperties">
				<SynthoDepositJob>Syntho_DepositIntoGrowerJob</SynthoDepositJob>
			</li>
		</modExtensions>
</WorkGiverDef>

<WorkGiverDef>
	<defName>Syntho_OrderProcessor_PawnVat_Extract</defName>
	<label>process order for syntho vat</label>
	<giverClass>Syntho.WorkGiver_GrowerExtractProduct</giverClass>
	<workType>Hauling</workType>
	<verb>empty</verb>
	<gerund>empting</gerund>
	<priorityInType>20</priorityInType>
	<requiredCapacities>
		<li>Manipulation</li>
	</requiredCapacities>
	<fixedBillGiverDefs>
		<li>SynthoVat</li>
	</fixedBillGiverDefs>
		<modExtensions>
			<li Class="Syntho.SynthoAIProperties">
				<SynthoExtractJob>Syntho_ExtractFromGrowerJob</SynthoExtractJob>
			</li>
		</modExtensions>
</WorkGiverDef>

<WorkGiverDef>
	<defName>Syntho_OrderProcessor_PawnVat_Maintain1</defName>
	<label>process order for syntho vat</label>
	<giverClass>Syntho.WorkGiver_MaintainGrower</giverClass>
	<workType>Doctor</workType>
	<verb>maintain</verb>
	<gerund>maintaining</gerund>
	<priorityInType>20</priorityInType>
	<requiredCapacities>
		<li>Manipulation</li>
		<li>Sight</li>
	</requiredCapacities>
	<fixedBillGiverDefs>
		<li>SynthoVat</li>
	</fixedBillGiverDefs>
		<modExtensions>
			<li Class="Syntho.SynthoAIProperties">
				<SynthoMaintainJobMedical>Syntho_MaintainGrowerJob_Medicine</SynthoMaintainJobMedical>
			</li>
		</modExtensions>
</WorkGiverDef>

<WorkGiverDef>
	<defName>Syntho_OrderProcessor_PawnVat_Maintain2</defName>
	<label>process order for syntho vat</label>
	<giverClass>Syntho.WorkGiver_MaintainGrower</giverClass>
	<workType>Research</workType>
	<verb>maintain</verb>
	<gerund>maintaining</gerund>
	<priorityInType>20</priorityInType>
	<requiredCapacities>
		<li>Manipulation</li>
		<li>Sight</li>
	</requiredCapacities>
	<fixedBillGiverDefs>
		<li>SynthoVat</li>
	</fixedBillGiverDefs>
		<modExtensions>
			<li Class="Syntho.SynthoAIProperties">
				<SynthoMaintainJobIntellectual>Syntho_MaintainGrowerJob_Intellectual</SynthoMaintainJobIntellectual>
			</li>
		</modExtensions>
</WorkGiverDef>
</Defs>
