<Defs>
  <WorkGiverDef>
    <defName>DoBillsCookSyntho</defName>
    <label>blend meals at blender</label>
    <giverClass>WorkGiver_DoBill</giverClass>
    <workType>Cooking</workType>
    <priorityInType>110</priorityInType>
    <fixedBillGiverDefs>
      <li>EnargoBlender</li>
    </fixedBillGiverDefs>
    <verb>blend</verb>
    <gerund>blending at</gerund>
    <requiredCapacities>
      <li>Manipulation</li>
    </requiredCapacities>
    <prioritizeSustains>true</prioritizeSustains>
  </WorkGiverDef>
  </Defs>