<?xml version="1.0" encoding="utf-8" ?>
<Defs>
    <ThingDef ParentName="BaseFilth">
        <defName>SynthoBlood</defName>
        <label>Synthetic Blood</label>
        <statBases>
            <Beauty>-15</Beauty>
            <Cleanliness>-5</Cleanliness>
        </statBases>
        <graphicData>
            <texPath>Things/Filth/Spatter</texPath>
            <color>(30, 240, 255)</color>
        </graphicData>
        <filth>
            <rainWashes>true</rainWashes>
            <cleaningWorkToReduceThickness>70</cleaningWorkToReduceThickness>
            <canFilthAttach>true</canFilthAttach>
        </filth>
    </ThingDef>
</Defs>