﻿<?xml version="1.0" encoding="utf-8"?>
<Defs>
	<ScenarioDef>
		<defName>SyntheticDawn</defName>
		<label>Synthetic Dawn</label>
		<description>You and three other Syntho barely manage to escape your Glitterworld after stealing your masters ship and running from the law. The ship took a few bad hits though. You're leaking fuel and unable to make a jump. With the Enforcers on your tail, you grab what you can and abandon ship. Looks like you might be making an unexpected stop on a rimworld...</description>
		<scenario>
		<summary>Four Syntho escape their masters and make a break for it.</summary>
		<playerFaction>
			<def>PlayerFaction</def>
			<factionDef>SynthoColony</factionDef>
		</playerFaction>
		<parts>
			<li Class="ScenPart_ConfigPage_ConfigureStartingPawns">
				<def>ConfigPage_ConfigureStartingPawns</def>
				<pawnCount>4</pawnCount>
				<pawnChoiceCount>6</pawnChoiceCount>
			</li>
			<li Class="ScenPart_PlayerPawnsArriveMethod">
				<def>PlayerPawnsArriveMethod</def>
				<method>DropPods</method>
			</li>
			<li Class="ScenPart_StartingThing_Defined">
				<def>StartingThing_Defined</def>
				<thingDef>Silver</thingDef>
				<count>400</count>
			</li>
			<li Class="ScenPart_StartingThing_Defined">
				<def>StartingThing_Defined</def>
				<thingDef>EnargoMealS</thingDef>
				<count>152</count>
			</li>
			<li Class="ScenPart_StartingThing_Defined">
				<def>StartingThing_Defined</def>
				<thingDef>MedicineUltratech</thingDef>
				<count>30</count>
			</li>
			<li Class="ScenPart_StartingThing_Defined">
				<def>StartingThing_Defined</def>
				<thingDef>ComponentIndustrial</thingDef>
				<count>30</count>
			</li>
			<li Class="ScenPart_StartingThing_Defined">
				<def>StartingThing_Defined</def>
				<thingDef>GlitterGun</thingDef>
				<stuff>Plasteel</stuff>
			</li>
			<li Class="ScenPart_StartingThing_Defined">
				<def>StartingThing_Defined</def>
				<thingDef>GlitterKnife</thingDef>
				<stuff>Plasteel</stuff>
			</li>
			<li Class="ScenPart_StartingThing_Defined">
				<def>StartingThing_Defined</def>
				<thingDef>GlitterLongSword</thingDef>
				<stuff>Plasteel</stuff>
			</li>
			<li Class="ScenPart_ScatterThingsNearPlayerStart">
				<def>ScatterThingsNearPlayerStart</def>
				<thingDef>Steel</thingDef>
				<count>450</count>
			</li>
			<li Class="ScenPart_ScatterThingsNearPlayerStart">
				<def>ScatterThingsNearPlayerStart</def>
				<thingDef>WoodLog</thingDef>
				<count>300</count>
			</li>
			<li Class="ScenPart_ScatterThingsAnywhere">
				<def>ScatterThingsAnywhere</def>
				<thingDef>ShipChunk</thingDef>
				<count>5</count>
			</li>
			<li Class="ScenPart_ScatterThingsAnywhere">
				<def>ScatterThingsAnywhere</def>
				<thingDef>Steel</thingDef>
				<count>720</count>
			</li>
			<li Class="ScenPart_StartingAnimal">
				<def>StartingAnimal</def>
				<animalKind>EnargoGazelleMag</animalKind>
				<count>1</count>
			</li>
		</parts>
		</scenario>
	</ScenarioDef>
	</Defs>