<Defs>
<ThingDef ParentName="BuildingBase">
    <defName>EnargoGenerator</defName>
    <label>enargo generator</label>
    <thingClass>Building</thingClass>
    <graphicData>
      <texPath>Building/Generator/EnargoGenerator</texPath>
      <graphicClass>Graphic_Single</graphicClass>
      <drawSize>(1.25,2.5)</drawSize>
	  <shadowData>
        <volume>(0.52, 0.53, 0.09)</volume>
        <offset>(0,0,-1.23)</offset>
      </shadowData>
    </graphicData>
    <altitudeLayer>Building</altitudeLayer>
    <passability>PassThroughOnly</passability>
    <pathCost>150</pathCost>
    <blockWind>false</blockWind>
    <fillPercent>0.25</fillPercent>
    <castEdgeShadows>false</castEdgeShadows>
    <rotatable>false</rotatable>
    <statBases>
      <MaxHitPoints>300</MaxHitPoints>
      <WorkToBuild>2500</WorkToBuild>
      <Flammability>1.0</Flammability>
    </statBases>
    <tickerType>Normal</tickerType>
    <description>Produces power by consuming Enargo and Mini-Enargo. Must be fueled by hand.</description>
    <canOverlapZones>false</canOverlapZones>
    <size>(2,2)</size>
    <costList>
      <Steel>100</Steel>
      <ComponentIndustrial>2</ComponentIndustrial>
	  <RawEnargo>20</RawEnargo>
    </costList>
    <comps>
      <li Class="CompProperties_Power">
        <compClass>CompPowerPlant</compClass>
        <basePowerConsumption>-1000</basePowerConsumption>
        <transmitsPower>true</transmitsPower>
      </li>
      <li Class="CompProperties_Flickable" />
      <li Class="CompProperties_Refuelable">
        <fuelConsumptionRate>15</fuelConsumptionRate>
        <fuelCapacity>30.0</fuelCapacity>
        <fuelFilter>
          <thingDefs>
            <li>RawEnargo</li>
			<!--li>MiniEnargo</li-->
          </thingDefs>
        </fuelFilter>
      </li>
      <li Class="CompProperties_Glower">
        <glowRadius>4</glowRadius>
        <glowColor>(10,190,255,0)</glowColor>
      </li>
      <li Class="CompProperties_Breakdownable"/>
    </comps>
    <terrainAffordanceNeeded>Heavy</terrainAffordanceNeeded>
    <designationCategory>Power</designationCategory>
    <designationHotKey>Misc3</designationHotKey>
    <constructEffect>ConstructMetal</constructEffect>
    <researchPrerequisites>
      <li>EnargoPower</li>
    </researchPrerequisites>
    <constructionSkillPrerequisite>8</constructionSkillPrerequisite>
  </ThingDef>
  </Defs>