<Defs>
<ThingDef ParentName="BenchBase">
    <defName>EnargoBlender</defName>
    <label>enargo blender</label>
    <thingClass>Building_WorkTable</thingClass>
    <description>A seemingly magic blender that can turn almost anything into a blue, energy filled paste.</description>
    <graphicData>
      <texPath>Building/Blender</texPath>
      <drawSize>(3,1.25)</drawSize>
	  <graphicClass>Graphic_Multi</graphicClass>
	  <shaderType>CutoutComplex</shaderType>
      <damageData>
        <cornerTL>Damage/Corner</cornerTL>
        <cornerTR>Damage/Corner</cornerTR>
        <cornerBL>Damage/Corner</cornerBL>
        <cornerBR>Damage/Corner</cornerBR>
      </damageData>
    </graphicData>
    <constructEffect>ConstructMetal</constructEffect>
    <costList>
      <Steel>75</Steel>
      <Component>5</Component>
    </costList>
    <altitudeLayer>Building</altitudeLayer>
    <fillPercent>0.5</fillPercent>
    <useHitPoints>True</useHitPoints>
    <statBases>
      <WorkToBuild>2000</WorkToBuild>
      <MaxHitPoints>180</MaxHitPoints>
      <Flammability>1.0</Flammability>
    </statBases>
    <size>(3,1)</size>
    <designationCategory>Production</designationCategory>
    <passability>PassThroughOnly</passability>
    <pathCost>70</pathCost>
    <hasInteractionCell>True</hasInteractionCell>
    <interactionCellOffset>(-1,0,-1)</interactionCellOffset>
    <surfaceType>Item</surfaceType>
    <!--recipes>
      <li>MakeEnargoPaste</li>
	  <li>MakeEnargoPasteStack</li>
    </recipes-->
    <inspectorTabs>
      <li>ITab_Bills</li>
    </inspectorTabs>
    <comps>
      <li Class="CompProperties_Power">
        <compClass>CompPowerTrader</compClass>
        <startElectricalFires>true</startElectricalFires>
        <basePowerConsumption>150</basePowerConsumption>
      </li>
      <li Class="CompProperties_Flickable"/>
      <li Class="CompProperties_Breakdownable"/>
    </comps>
    <building>
      <isMealSource>true</isMealSource>
      <spawnedConceptLearnOpportunity>BillsTab</spawnedConceptLearnOpportunity>
    </building>
    <researchPrerequisites>
      <li>Electricity</li>
    </researchPrerequisites>
  </ThingDef>
  </Defs>