<?xml version="1.0" encoding="utf-8" ?>
<Defs>
	<JobDef>
		<defName>Syntho_DepositIntoGrowerJob</defName>
		<driverClass>Syntho.JobDriver_DepositIntoGrower</driverClass>
		<reportString>filling TargetB into TargetA.</reportString>
		<suspendable>false</suspendable>
		<allowOpportunisticPrefix>true</allowOpportunisticPrefix>
	</JobDef>

	<JobDef>
		<defName>Syntho_ExtractFromGrowerJob</defName>
		<driverClass>Syntho.JobDriver_ExtractGrowerProduct</driverClass>
		<reportString>extracting from TargetA.</reportString>
		<suspendable>false</suspendable>
		<allowOpportunisticPrefix>true</allowOpportunisticPrefix>
	</JobDef>

	<JobDef>
		<defName>Syntho_MaintainGrowerJob_Intellectual</defName>
		<driverClass>Syntho.JobDriver_MaintainGrower</driverClass>
		<reportString>monitoring and adjusting TargetA.</reportString>
		<suspendable>false</suspendable>
		<allowOpportunisticPrefix>true</allowOpportunisticPrefix>
		<modExtensions>
			<li Class="Syntho.MaintainVatProperties">
				<maintainingSkill>Intellectual</maintainingSkill>
			</li>
		</modExtensions>
	</JobDef>

	<JobDef>
		<defName>Syntho_MaintainGrowerJob_Medicine</defName>
		<driverClass>Syntho.JobDriver_MaintainGrower</driverClass>
		<reportString>regulating values for TargetA.</reportString>
		<suspendable>false</suspendable>
		<allowOpportunisticPrefix>true</allowOpportunisticPrefix>
		<modExtensions>
			<li Class="Syntho.MaintainVatProperties">
				<maintainingSkill>Medicine</maintainingSkill>
			</li>
		</modExtensions>
	</JobDef>
</Defs>