<?xml version="1.0" encoding="utf-8" ?>
<Defs>

	<!-- Research Tabs -->
	<ResearchTabDef>
		<defName>SynthoResearchTab</defName>
		<label>Synthetic Life</label>
	</ResearchTabDef>
	
	<!-- Research Tags -->
	<ResearchProjectTagDef>
		<defName>SynthoStart</defName>
	</ResearchProjectTagDef>

	<!--Main research path-->
	<ResearchProjectDef>
		<defName>EnargoPlanting</defName>
		<tab>SynthoResearchTab</tab>
		<label>Enargo Planting</label>
		<description>The basics of how to grow and consume Enargo.</description>
		<baseCost>400</baseCost>
		<techLevel>Spacer</techLevel>
		<researchViewX>0</researchViewX>
		<researchViewY>3</researchViewY>
		<tags>
			<li>SynthoStart</li>
		</tags>
	</ResearchProjectDef>
	
	<ResearchProjectDef>
		<defName>GlitterMeleeTech1</defName>
		<tab>SynthoResearchTab</tab>
		<label>One-handed Enargo-Based Knives</label>
		<description>Simple and sturdy utiliy knives.</description>
		<baseCost>600</baseCost>
		<techLevel>Spacer</techLevel>
		<researchViewX>1</researchViewX>
		<researchViewY>1</researchViewY>
		<prerequisites>
			<li>EnargoPlanting</li>
			<li>Smithing</li>
		</prerequisites>
		<tags>
			<li>SynthoStart</li>
		</tags>
	</ResearchProjectDef>
	
	<ResearchProjectDef>
		<defName>GlitterMeleeTech2</defName>
		<tab>SynthoResearchTab</tab>
		<label>Two-handed Enargo-Based Swords</label>
		<description>Lavish and sharp combat blades.</description>
		<baseCost>800</baseCost>
		<techLevel>Spacer</techLevel>
		<researchViewX>2</researchViewX>
		<researchViewY>1</researchViewY>
		<prerequisites>
			<li>GlitterMeleeTech1</li>
			<li>LongBlades</li>
		</prerequisites>
	</ResearchProjectDef>
	
	<ResearchProjectDef>
		<defName>GlitterGunTech1</defName>
		<tab>SynthoResearchTab</tab>
		<label>One-handed Enargo-based guns</label>
		<description>Simple, yet elegant weapons designed for close range combat.</description>
		<baseCost>1200</baseCost>
		<techLevel>Spacer</techLevel>
		<researchViewX>1</researchViewX>
		<researchViewY>2</researchViewY>
		<prerequisites>
			<li>EnargoPlanting</li>
			<li>PrecisionRifling</li>
		</prerequisites>
	</ResearchProjectDef>
	
		<ResearchProjectDef>
		<defName>GlitterGunTech2</defName>
		<tab>SynthoResearchTab</tab>
		<label>Two-handed Enargo-based guns</label>
		<description>Extravagant weapons for a less civilized time.</description>
		<baseCost>1400</baseCost>
		<techLevel>Spacer</techLevel>
		<researchViewX>2</researchViewX>
		<researchViewY>2</researchViewY>
		<prerequisites>
			<li>GlitterGunTech1</li>
		</prerequisites>
	</ResearchProjectDef>
	
	<ResearchProjectDef>
		<defName>SynthoPrinting1</defName>
		<tab>SynthoResearchTab</tab>
		<label>Synthetic Organ Printing</label>
		<description>Using the same technology behind the Blender, we can create synthetic bones and organs using common materials.</description>
		<baseCost>2000</baseCost>
		<techLevel>Spacer</techLevel>
		<requiredResearchBuilding>HiTechResearchBench</requiredResearchBuilding>
		<prerequisites>
			<li>BiofuelRefining</li>
			<li>AdvancedFabrication</li>
			<li>VitalsMonitor</li>
			<li>SterileMaterials</li>
			<li>EnargoBlendTech</li>
		</prerequisites>
		<researchViewX>2</researchViewX>
		<researchViewY>4</researchViewY>
	</ResearchProjectDef>
	

	<ResearchProjectDef>
		<defName>SynthoBrainChipTech</defName>
		<tab>SynthoResearchTab</tab>
		<label>Personality Mapping</label>
		<description>By mapping out brainwaves, we can apply templates of personality types to freshly created brains and imprint skills that would otherwise need to be learned over years.</description>
		<baseCost>2000</baseCost>
		<techLevel>Spacer</techLevel>
		<requiredResearchBuilding>HiTechResearchBench</requiredResearchBuilding>
		<requiredResearchFacilities>
			<li>MultiAnalyzer</li>
		</requiredResearchFacilities>
		<prerequisites>
			<li>EnargoPower</li>
			<li>Bionics</li>
			<li>AdvancedFabrication</li>
		</prerequisites>
		<researchViewX>2</researchViewX>
		<researchViewY>3</researchViewY>
	</ResearchProjectDef>

	<ResearchProjectDef>
		<defName>SynthoVatTech</defName>
		<tab>SynthoResearchTab</tab>
		<label>Vat Assembly</label>
		<description>With enough time, patience and body parts, we can finally begin to assemble living beings.</description>
		<baseCost>3000</baseCost>
		<techLevel>Spacer</techLevel>
		<prerequisites>
			<li>SynthoBrainChipTech</li>
			<li>SynthoPrinting1</li>
			<li>Cryptosleep</li>
		</prerequisites>
		<requiredResearchBuilding>HiTechResearchBench</requiredResearchBuilding>
		<requiredResearchFacilities>
			<li>MultiAnalyzer</li>
		</requiredResearchFacilities>
		<researchViewX>3</researchViewX>
		<researchViewY>3</researchViewY>
	</ResearchProjectDef>
	
	<ResearchProjectDef>
		<defName>EnargoBlendTech</defName>
		<tab>SynthoResearchTab</tab>
		<label>Enargo Blending</label>
		<description>A molecular reassembly "printer" allows for the creation of a paste consumable by Syntho using ordinary foods!</description>
		<baseCost>800</baseCost>
		<techLevel>Spacer</techLevel>
		<prerequisites>
			<li>EnargoPlanting</li>
			<li>Machining</li>
		</prerequisites>
		<researchViewX>1</researchViewX>
		<researchViewY>4</researchViewY>
	</ResearchProjectDef>

	<ResearchProjectDef>
		<defName>GlitterClothing</defName>
		<tab>SynthoResearchTab</tab>
		<label>Glitterworld Fashion</label>
		<description>The fashion of today, tomorrow!</description>
		<baseCost>1000</baseCost>
		<techLevel>Spacer</techLevel>
		<prerequisites>
			<li>ComplexClothing</li>
			<li>Devilstrand</li>
			<li>Machining</li>
		</prerequisites>
		<researchViewX>0</researchViewX>
		<researchViewY>1</researchViewY>
	</ResearchProjectDef>
	
	<ResearchProjectDef>
		<defName>EnargoPower</defName>
		<tab>SynthoResearchTab</tab>
		<label>Enargo Siphoning</label>
		<description>By studying the structure of Enargo, we can learn how to siphon off it's energy with a machine interface.</description>
		<baseCost>800</baseCost>
		<techLevel>Spacer</techLevel>
		<prerequisites>
			<li>EnargoPlanting</li>
			<li>Electricity</li>
		</prerequisites>
		<researchViewX>1</researchViewX>
		<researchViewY>3</researchViewY>
	</ResearchProjectDef>
</Defs>
