<Defs>

<ThingDef ParentName="BaseMeleeWeapon_Sharp_Quality">
		<defName>GlitterKnife</defName>
		<label>Glitter Knife</label>
    <techLevel>Spacer</techLevel>
		<description>One of humankind's oldest tools, repurposed for the modern age.</description>
		<graphicData>
			<texPath>Sword/Knife</texPath>
			<graphicClass>Graphic_Single</graphicClass>
		</graphicData>
    <weaponTags>
      <li>NonNeolithicOnlyMelee</li>
      <li>NonNeolithicOnlySimpleMelee</li>
    </weaponTags>
    <costStuffCount>25</costStuffCount>
	<costList>
	<Plasteel>25</Plasteel>
	</costList>
		<statBases>
			<WorkToMake>4000</WorkToMake>
			<Mass>0.5</Mass>
		</statBases>
		<equippedAngleOffset>-65</equippedAngleOffset>
		<stuffCategories>
			<li>Metallic</li>
		</stuffCategories>
    <tools>
      <li>
        <label>handle</label>
        <capacities>
          <li>Blunt</li>
        </capacities>
        <power>6</power>
        <cooldownTime>1.6</cooldownTime>
      </li>
      <li>
        <label>blade</label>
        <capacities>
          <li>Cut</li>
        </capacities>
        <power>14</power>
        <cooldownTime>1.5</cooldownTime>
      </li>
      <li>
        <label>point</label>
        <capacities>
          <li>Stab</li>
        </capacities>
        <power>12</power>
        <cooldownTime>1.5</cooldownTime>
      </li>
    </tools>
		<recipeMaker>
      <researchPrerequisite>Smithing</researchPrerequisite>
    </recipeMaker>
	</ThingDef>
	
		<ThingDef ParentName="BaseMeleeWeapon_Sharp_Quality">
    <defName>GlitterLongSword</defName>
    <label>Glitter Longsword</label>
    <description>The ancient weapon of kings, now the modern weapon of thugs.</description>
    <graphicData>
      <texPath>Sword/Sword</texPath>
      <graphicClass>Graphic_Single</graphicClass>
    </graphicData>
    <techLevel>Spacer</techLevel>
    <weaponTags>
      <li>NonNeolithicOnlyMelee</li>
      <li>NeolithicMeleeAdvanced</li>
    </weaponTags>
    <costStuffCount>100</costStuffCount>
	<costList>
	<Plasteel>50</Plasteel>
	</costList>
    <statBases>
      <WorkToMake>22000</WorkToMake>
      <Mass>1.6</Mass>
    </statBases>
    <equippedAngleOffset>-65</equippedAngleOffset>
    <stuffCategories>
      <li>Metallic</li>
    </stuffCategories>
    <tools>
      <li>
        <label>handle</label>
        <capacities>
          <li>Blunt</li>
        </capacities>
        <power>6</power>
        <cooldownTime>1.75</cooldownTime>
      </li>
      <li>
        <label>point</label>
        <capacities>
          <li>Stab</li>
        </capacities>
        <power>27</power>
        <cooldownTime>2.0</cooldownTime>
      </li>
      <li>
        <label>edge</label>
        <capacities>
          <li>Cut</li>
        </capacities>
        <power>27</power>
        <cooldownTime>2.0</cooldownTime>
      </li>
    </tools>
    <recipeMaker>
      <researchPrerequisite>LongBlades</researchPrerequisite>
    </recipeMaker>
  </ThingDef>
</Defs>