<Defs>
  <ThingDef ParentName="LeatherBase">
    <defName>Leather_Syntho</defName>
    <label>syntho leather</label>
    <description>Tanned, dried, scraped syntho skin. Most people find this material horrifying. Some find it fascinating. While a decent leather, it neither protects nor insulates particularly well.</description>
    <graphicData>
      <color>(132,237,254)</color>
      <colorTwo>(132,237,254)</colorTwo>
    </graphicData>
    <statBases>
      <MarketValue>5.5</MarketValue>
      <StuffPower_Armor_Sharp>0.3</StuffPower_Armor_Sharp>
      <StuffPower_Insulation_Cold>14</StuffPower_Insulation_Cold>
      <StuffPower_Insulation_Heat>14</StuffPower_Insulation_Heat>
    </statBases>
    <stuffProps>
      <color>(132,237,254)</color>
      <commonality>0.0020</commonality>
    </stuffProps>
  </ThingDef>
 </Defs>