 <Defs>
	<RecipeDef> <!--Name="CookMealEnargo" ParentName="CookMealBase"-->
		<defName>CookMealEnargoS</defName>
		<label>Prepare a simple Enargo Meal</label>
		<description>Cooks a straightforward meal from Enargo.</description>
		<jobString>Cooking simple Enargo meal.</jobString>
		<workSpeedStat>CookSpeed</workSpeedStat>
		<requiredGiverWorkType>Cooking</requiredGiverWorkType>
		<effectWorking>Cook</effectWorking>
		<soundWorking>Recipe_CookMeal</soundWorking>
		<allowMixingIngredients>true</allowMixingIngredients>
		<ingredientValueGetterClass>IngredientValueGetter_Nutrition</ingredientValueGetterClass>
		<ingredients>
			<li>
				<filter>
					<thingDefs>
						<li>RawEnargo</li>
						<li>MiniEnargo</li>
					</thingDefs>
				</filter>
				<count>0.6</count>
			</li>
		</ingredients>
		<products>
			<EnargoMealS>1</EnargoMealS>
		</products>
		<fixedIngredientFilter>
			<thingDefs>
				<li>RawEnargo</li>
				<li>MiniEnargo</li>
			</thingDefs>
			<!--exceptedThingDefs>
				<li>RawEnargo</li>
			</exceptedThingDefs>
			<exceptedCategories>
				<li>MeatRaw</li>
				<li>PlantFoodRaw</li>
				<li>FoodRaw</li>
			</exceptedCategories>
			<defaultIngredientFilter>
				<thingDefs>
					<li>RawEnargo</li>
				</thingDefs>
			</defaultIngredientFilter-->
		</fixedIngredientFilter>
		<!--ParentIngredientFilter>
			<thingDefs>
				<li>RawEnargo</li>
			</thingDefs>
		</ParentIngredientFilter-->
		<workSkill>Cooking</workSkill>
		<workAmount>300</workAmount>
		<recipeUsers>
			<li>ElectricStove</li>
			<li>FueledStove</li>
		</recipeUsers>
		<researchPrerequisite>EnargoPlanting</researchPrerequisite>
	</RecipeDef>
	
		<RecipeDef> <!--Name="CookMealEnargoStack" ParentName="CookMealBase"-->
		<defName>CookMealEnargoSStack</defName>
		<label>Prepare a stack of simple Enargo meals</label>
		<description>Cooks a stack of simple Enargo meals.</description>
		<jobString>Cooking stack of simple Enargo meals.</jobString>
		<workSpeedStat>CookSpeed</workSpeedStat>
		<requiredGiverWorkType>Cooking</requiredGiverWorkType>
		<effectWorking>Cook</effectWorking>
		<soundWorking>Recipe_CookMeal</soundWorking>
		<allowMixingIngredients>true</allowMixingIngredients>
		<ingredientValueGetterClass>IngredientValueGetter_Nutrition</ingredientValueGetterClass>
		<ingredients>
			<li>
				<filter>
					<thingDefs>
						<li>RawEnargo</li>
						<li>MiniEnargo</li>
					</thingDefs>
				</filter>
				<count>6.0</count>
			</li>
		</ingredients>
		<products>
			<EnargoMealS>10</EnargoMealS>
		</products>
		<fixedIngredientFilter>
			<!--exceptedCategories>
				<li>MeatRaw</li>
				<li>FoodRaw</li>
			</exceptedCategories>
			<categories>
				<li>PlantFoodRaw</li>
			</categories-->
			<thingDefs>
				<li>RawEnargo</li>
				<li>MiniEnargo</li>
			</thingDefs>
		</fixedIngredientFilter>
		<!--ParentIngredientFilter>
			<thingDefs>
				<li>RawEnargo</li>
			</thingDefs>
		</ParentIngredientFilter-->
		<workSkill>Cooking</workSkill>
		<workAmount>3000</workAmount>
		<recipeUsers>
			<li>ElectricStove</li>
			<li>FueledStove</li>
		</recipeUsers>
		<researchPrerequisite>EnargoPlanting</researchPrerequisite>
	</RecipeDef>
	
	<!--RecipeDef> 
		<defName>BlendMealEnargo</defName>
		<label>Blend up some Enargo Paste</label>
		<description>Blends Enargo into a paste.</description>
		<jobString>Blending Enargo.</jobString>
		<workSpeedStat>CookSpeed</workSpeedStat>
		<requiredGiverWorkType>Cooking</requiredGiverWorkType>
		<effectWorking>Cook</effectWorking>
		<soundWorking>Recipe_CookMeal</soundWorking>
		<allowMixingIngredients>true</allowMixingIngredients>
		<ingredientValueGetterClass>IngredientValueGetter_Nutrition</ingredientValueGetterClass>
		<ingredients>
			<li>
				<filter>
					<thingDefs>
						<li>RawEnargo</li>
					</thingDefs>
				</filter>
				<count>0.2</count>
			</li>
		</ingredients>
		<products>
			<EnargoBMeal>1</EnargoBMeal>
		</products>
		<fixedIngredientFilter>
			<thingDefs>
				<li>RawEnargo</li>
			</thingDefs>
		</fixedIngredientFilter>
		<workSkill>Cooking</workSkill>
		<workAmount>300</workAmount>
		<recipeUsers>
			<li>EnargoBlender</li>
		</recipeUsers>
	</RecipeDef-->

	<RecipeDef> <!--Name="CookMealEnargo" ParentName="CookMealBase"-->
		<defName>CookMealEnargoL</defName>
		<label>Prepare a lavish Enargo Meal</label>
		<description>Cooks a slightly complex meal from Enargo.</description>
		<jobString>Cooking lavish Enargo meal.</jobString>
		<workSpeedStat>CookSpeed</workSpeedStat>
		<requiredGiverWorkType>Cooking</requiredGiverWorkType>
		<effectWorking>Cook</effectWorking>
		<soundWorking>Recipe_CookMeal</soundWorking>
		<allowMixingIngredients>true</allowMixingIngredients>
		<ingredientValueGetterClass>IngredientValueGetter_Nutrition</ingredientValueGetterClass>
		<ingredients>
			<li>
				<filter>
					<thingDefs>
						<li>RawEnargo</li>
					</thingDefs>
				</filter>
				<count>0.4</count>
			</li>
			<li>
				<filter>
					<thingDefs>
						<li>MiniEnargo</li>
					</thingDefs>
				</filter>
				<count>0.4</count>
			</li>
			<!--li>
				<filter>
					<thingDefs>
						<li>LiquidEnargo</li>
					</thingDefs>
				</filter>
				<count>0.2</count>
			</li-->
		</ingredients>
		<products>
			<EnargoMealL>1</EnargoMealL>
		</products>
		<fixedIngredientFilter>
			<thingDefs>
				<li>RawEnargo</li>
				<li>MiniEnargo</li>
				<!--li>LiquidEnargo</li-->
			</thingDefs>
		</fixedIngredientFilter>
		<workSkill>Cooking</workSkill>
		<workAmount>300</workAmount>
		<recipeUsers>
			<li>ElectricStove</li>
			<li>FueledStove</li>
		</recipeUsers>
		<researchPrerequisite>EnargoPlanting</researchPrerequisite>
	</RecipeDef>
	
		<RecipeDef> <!--Name="CookMealEnargoStack" ParentName="CookMealBase"-->
		<defName>CookMealEnargoLStack</defName>
		<label>Prepare a stack of lavish Enargo meals</label>
		<description>Cooks a stack of lavish Enargo meals.</description>
		<jobString>Cooking stack of lavish Enargo meals.</jobString>
		<workSpeedStat>CookSpeed</workSpeedStat>
		<requiredGiverWorkType>Cooking</requiredGiverWorkType>
		<effectWorking>Cook</effectWorking>
		<soundWorking>Recipe_CookMeal</soundWorking>
		<allowMixingIngredients>true</allowMixingIngredients>
		<ingredientValueGetterClass>IngredientValueGetter_Nutrition</ingredientValueGetterClass>
		<ingredients>
			<li>
				<filter>
					<thingDefs>
						<li>RawEnargo</li>
					</thingDefs>
				</filter>
				<count>4.0</count>
			</li>
			<li>
				<filter>
					<thingDefs>
						<li>MiniEnargo</li>
					</thingDefs>
				</filter>
				<count>4.0</count>
			</li>
			<!--li>
				<filter>
					<thingDefs>
						<li>LiquidEnargo</li>
					</thingDefs>
				</filter>
				<count>2.0</count>
			</li-->
		</ingredients>
		<products>
			<EnargoMealL>10</EnargoMealL>
		</products>
		<fixedIngredientFilter>
			<thingDefs>
				<li>RawEnargo</li>
				<li>MiniEnargo</li>
				<!--li>LiquidEnargo</li-->
			</thingDefs>
		</fixedIngredientFilter>
		<workSkill>Cooking</workSkill>
		<workAmount>3000</workAmount>
		<recipeUsers>
			<li>ElectricStove</li>
			<li>FueledStove</li>
		</recipeUsers>
		<researchPrerequisite>EnargoPlanting</researchPrerequisite>
	</RecipeDef>
	
		<RecipeDef ParentName="CookMealBase">
    <defName>MakeEnargoPaste</defName>
    <label>make enargo paste</label>
    <description>Dump all the inedibles into the bin on the left, and wait for your meal on the right!</description>
    <jobString>making enargo paste</jobString>
    <workSpeedStat>CookSpeed</workSpeedStat>
    <requiredGiverWorkType>Cooking</requiredGiverWorkType>
    <effectWorking>Cook</effectWorking>
    <soundWorking>Recipe_CookMeal</soundWorking>
    <allowMixingIngredients>true</allowMixingIngredients>
    <ingredientValueGetterClass>IngredientValueGetter_Nutrition</ingredientValueGetterClass>
    <ingredients>
      <li>
        <filter>
          <categories>
            <li>FoodRaw</li>
			<li>FoodMeals</li>
          </categories>
        </filter>
        <count>1</count>
      </li>
    </ingredients>
		<products>
			<EnargoPaste>1</EnargoPaste>
		</products>
    <workSkill>Cooking</workSkill>
	<workAmount>150</workAmount>
				<recipeUsers>
			<li>EnargoBlender</li>
		</recipeUsers>
		<researchPrerequisite>EnargoBlendTech</researchPrerequisite>
  </RecipeDef>

			<RecipeDef ParentName="CookMealBase">
    <defName>MakeEnargoPasteStack</defName>
    <label>make a stack enargo paste</label>
    <description>Dump all the inedibles into the bin on the left, and wait for your meal on the right!</description>
    <jobString>making a stack of enargo paste</jobString>
    <workSpeedStat>CookSpeed</workSpeedStat>
    <requiredGiverWorkType>Cooking</requiredGiverWorkType>
    <effectWorking>Cook</effectWorking>
    <soundWorking>Recipe_CookMeal</soundWorking>
    <allowMixingIngredients>true</allowMixingIngredients>
    <ingredientValueGetterClass>IngredientValueGetter_Nutrition</ingredientValueGetterClass>
    <ingredients>
      <li>
        <filter>
          <categories>
            <li>FoodRaw</li>
			<li>FoodMeals</li>
          </categories>
        </filter>
        <count>10.0</count>
      </li>
    </ingredients>
		<products>
			<EnargoPaste>10</EnargoPaste>
		</products>
    <workSkill>Cooking</workSkill>
	<workAmount>1500</workAmount>
			<recipeUsers>
			<li>EnargoBlender</li>
		</recipeUsers>
		<researchPrerequisite>EnargoBlendTech</researchPrerequisite>
  </RecipeDef>
</Defs>