<Defs>
  <ThingDef ParentName="BenchBase">
    <defName>Syntho_Printer</defName>
    <label>organic printer</label>
    <description>Converts matter into usable body parts.</description>
    <thingClass>Building_WorkTable</thingClass>
    <altitudeLayer>Building</altitudeLayer>
    <passability>PassThroughOnly</passability>
    <pathCost>70</pathCost>
    <statBases>
      <MaxHitPoints>200</MaxHitPoints>
      <WorkToBuild>2000</WorkToBuild>
      <Flammability>1.0</Flammability>
    </statBases>
    <minifiedDef />
    <thingCategories Inherit="false" />
    <size>(3,2)</size>
    <costList>
      <Steel>150</Steel>
      <ComponentIndustrial>3</ComponentIndustrial>
    </costList>
    <comps>
      <li Class="CompProperties_Power">
        <compClass>CompPowerTrader</compClass>
        <basePowerConsumption>230</basePowerConsumption>
        <shortCircuitInRain>true</shortCircuitInRain>
      </li>
      <li Class="CompProperties_Flickable"/>
      <li Class="CompProperties_Breakdownable"/>
    </comps>
    <recipes>
      <li>Make_BoneBox</li>
      <li>Make_SkinPile</li>
	  <li>Make_OrganBox</li>
    </recipes>
    <castEdgeShadows>false</castEdgeShadows>
    <staticSunShadowHeight>0</staticSunShadowHeight>
    <graphicData>
      <texPath>Things/Building/Production/Refinery</texPath>
      <graphicClass>Graphic_Multi</graphicClass>
      <shaderType>CutoutComplex</shaderType>
      <drawSize>(3,2)</drawSize>
      <shadowData>
        <volume>(2.22, 0.8, 0.62)</volume>
        <offset>(0, 0, -0.13)</offset>
      </shadowData>
      <damageData>
        <rect>(0.3,0.1,2.4,1.8)</rect>
      </damageData>
    </graphicData>
    <inspectorTabs>
      <li>ITab_Bills</li>
    </inspectorTabs>
    <building>
      <spawnedConceptLearnOpportunity>BillsTab</spawnedConceptLearnOpportunity>
    </building>
    <fillPercent>0.5</fillPercent>
    <interactionCellOffset>(0,0,-1)</interactionCellOffset>
    <hasInteractionCell>true</hasInteractionCell>
    <terrainAffordanceNeeded>Heavy</terrainAffordanceNeeded>
    <designationCategory>Production</designationCategory>
    <surfaceType>Item</surfaceType>
    <constructionSkillPrerequisite>8</constructionSkillPrerequisite>
    <researchPrerequisites>
      <li>SynthoPrinting1</li>
    </researchPrerequisites>
  </ThingDef>
  </Defs>