<?xml version="1.0" encoding="utf-8" ?>
<Defs>
	<ThingDef ParentName="BuildingBase">
		<defName>SynthoVat</defName>
		<label>Syntho Stabilizing Chamber</label>
		<description>A large vat filled with a strange blue fluid. Inside, Syntho are kept during the "goopy" phase of life. Requires power as well as constant upkeep by a doctor and scientist.</description>
		<thingClass>Syntho.Building_SynthoGrower</thingClass>
		<tickerType>Normal</tickerType>
		<graphicData>
			<graphicClass>Graphic_Single</graphicClass>
			<texPath>Building/Vat/SVat</texPath>
			<drawSize>(2.5,2.5)</drawSize>
			<drawRotated>false</drawRotated>
			<shadowData>
				<volume>(0.52, 0.53, 0.09)</volume>
				<offset>(0,0,-0.43)</offset>
			</shadowData>
		</graphicData>
		<drawerType>RealtimeOnly</drawerType>
		<size>(2,2)</size>
		<altitudeLayer>Building</altitudeLayer>
		<passability>PassThroughOnly</passability>
		<pathCost>70</pathCost>
		<fillPercent>0.5</fillPercent>
		<hasInteractionCell>true</hasInteractionCell>
		<interactionCellOffset>(0,0,-1)</interactionCellOffset>
		<designationCategory>Production</designationCategory>
		<rotatable>true</rotatable>
		<terrainAffordanceNeeded>Medium</terrainAffordanceNeeded>
		<constructionSkillPrerequisite>12</constructionSkillPrerequisite>
		<uiIconOffset>(0, 0.03)</uiIconOffset>
		<uiIconScale>0.75</uiIconScale>
		<minifiedDef>MinifiedThing</minifiedDef>
		<building>
			<uninstallWork>1800</uninstallWork>
		</building>
		<thingCategories>
			<li>BuildingsProduction</li>
		</thingCategories>
		<costList>
			<Steel>325</Steel>
			<Silver>225</Silver>
			<Plasteel>75</Plasteel>
			<ComponentSpacer>3</ComponentSpacer>
			<Gold>50</Gold>
		</costList>
		<drawPlaceWorkersWhileSelected>true</drawPlaceWorkersWhileSelected>
		<researchPrerequisites>
			<li>SynthoVatTech</li>
		</researchPrerequisites>
		<statBases>
			<MaxHitPoints>1000</MaxHitPoints>
			<WorkToBuild>10000</WorkToBuild>
			<Flammability>0.5</Flammability>
			<Beauty>5</Beauty>
			<Mass>145</Mass>
			<Cleanliness>2.4</Cleanliness>
		</statBases>
		<comps>
			<li Class="CompProperties_Forbiddable"/>
			<li Class="CompProperties_Flickable"/>
			<li Class="CompProperties_Power">
				<compClass>CompPowerTrader</compClass>
				<basePowerConsumption>700</basePowerConsumption>
			</li>
			<li Class="CompProperties_Glower">
				<glowRadius>5</glowRadius>
				<glowColor>(117,211,255,0)</glowColor>
			</li>
		</comps>
		<modExtensions>
			<li Class="Syntho.VatGrowerProperties">
				<ingredients>
				<li>
                    <filter>
                        <thingDefs>
                            <li>Syntho_SkinPile</li>
                        </thingDefs>
                    </filter>
                    <count>10</count>
                </li>
                <li>
                    <filter>
                        <thingDefs>
                            <li>Syntho_BoneBox</li>
                        </thingDefs>
                    </filter>
                    <count>1</count>
                </li>
				<li>
                    <filter>
                        <thingDefs>
                            <li>Syntho_OrganBox</li>
                        </thingDefs>
                    </filter>
                    <count>1</count>
                </li>
				<li>
                    <filter>
                        <thingDefs>
                            <li>Syntho_BrainChip</li>
                        </thingDefs>
                    </filter>
                    <count>1</count>
                </li>
				<!--li>
                    <filter>
                        <thingDefs>
                            <li>Neutroamine</li>
                        </thingDefs>
                    </filter>
                    <count>10</count>
                </li-->
				</ingredients>
				<kindToGrow>SynthoClone</kindToGrow>
				<backstoryTag>SynthoBackstory</backstoryTag>
				<bottomGraphic>
					<graphicClass>Graphic_Single</graphicClass>
					<texPath>Building/Vat/SVatBottom</texPath>
					<drawSize>(2.5,2.5)</drawSize>
					<drawRotated>false</drawRotated>
				</bottomGraphic>
				<topGraphic>
					<graphicClass>Graphic_Single</graphicClass>
					<texPath>Building/Vat/SVatTop</texPath>
					<drawSize>(2.5,2.5)</drawSize>
					<drawRotated>false</drawRotated>
				</topGraphic>
				<glowGraphic>
					<graphicClass>Graphic_Single</graphicClass>
					<texPath>Building/Vat/SVatGlow</texPath>
					<shaderType>MoteGlow</shaderType>
					<drawSize>(2.5,2.5)</drawSize>
					<drawRotated>false</drawRotated>
				</glowGraphic>
				<topDetailGraphic>
					<graphicClass>Graphic_Single</graphicClass>
					<texPath>Building/Vat/SVatDetail</texPath>
					<shaderType>MoteGlow</shaderType>
					<drawSize>(2.5,2.5)</drawSize>
					<drawRotated>false</drawRotated>
				</topDetailGraphic>
			</li>
		</modExtensions>
	</ThingDef>
	
</Defs>