<?xml version="1.0" encoding="utf-8" ?>
<Defs>
	<ThingDef ParentName="ResourceBase">
		<defName>Syntho_SkinPile</defName>
		<label>pile of synthetic skin</label>
		<description>Several sheets of synthetic skin. Virtually identical to human skin, except not on a body. Kept alive with mechanical intervention.</description>
		<tickerType>Normal</tickerType>
		<graphicData>
			<texPath>Syntho/Parts/Skin</texPath>
			<graphicClass>Graphic_StackCount</graphicClass>
			<drawSize>0.85</drawSize>
		</graphicData>
		<stackLimit>100</stackLimit>
		<statBases>
			<MaxHitPoints>50</MaxHitPoints>
			<MarketValue>2.1</MarketValue>
			<Mass>0.5</Mass>
			<Flammability>1.0</Flammability>
			<DeteriorationRate>1.0</DeteriorationRate>
		</statBases>
		<thingCategories>
			<li>Manufactured</li>
		</thingCategories>
	</ThingDef>

	<ThingDef ParentName="ResourceBase">
		<defName>Syntho_BoneBox</defName>
		<label>box of synthetic bones</label>
		<description>All of the pieces you need to make your very own skeleton!</description>
		<tickerType>Normal</tickerType>
		<graphicData>
			<texPath>Syntho/Parts/Bone</texPath>
			<graphicClass>Graphic_StackCount</graphicClass>
			<drawSize>0.85</drawSize>
		</graphicData>
		<stackLimit>25</stackLimit>
		<statBases>
			<MaxHitPoints>50</MaxHitPoints>
			<MarketValue>2.1</MarketValue>
			<Mass>1</Mass>
			<Flammability>1.0</Flammability>
			<DeteriorationRate>1.0</DeteriorationRate>
		</statBases>
		<thingCategories>
			<li>Manufactured</li>
		</thingCategories>
	</ThingDef>

	<ThingDef ParentName="ResourceBase">
		<defName>Syntho_OrganBox</defName>
		<label>box of synthetic organs</label>
		<description>Enough to replace every part of you at least once!</description>
		<tickerType>Normal</tickerType>
		<graphicData>
			<texPath>Syntho/Parts/Organ</texPath>
			<graphicClass>Graphic_StackCount</graphicClass>
			<drawSize>0.85</drawSize>
		</graphicData>
		<stackLimit>25</stackLimit>
		<statBases>
			<MaxHitPoints>50</MaxHitPoints>
			<MarketValue>2.1</MarketValue>
			<Mass>2</Mass>
			<Flammability>1.0</Flammability>
			<DeteriorationRate>1.0</DeteriorationRate>
		</statBases>
		<thingCategories>
			<li>Manufactured</li>
		</thingCategories>
	</ThingDef>
	
	<ThingDef ParentName="ResourceBase">
		<defName>Syntho_BrainChip</defName>
		<label>programmable personality matrix</label>
		<description>Comes pre-loaded with every commercially available Syntho personality.</description>
		<tickerType>Normal</tickerType>
		<graphicData>
			<texPath>Syntho/Parts/Chip</texPath>
			<graphicClass>Graphic_StackCount</graphicClass>
			<drawSize>0.85</drawSize>
		</graphicData>
		<stackLimit>25</stackLimit>
		<statBases>
			<MaxHitPoints>50</MaxHitPoints>
			<MarketValue>2.1</MarketValue>
			<Mass>0.3</Mass>
			<Flammability>1.0</Flammability>
			<DeteriorationRate>1.0</DeteriorationRate>
		</statBases>
		<thingCategories>
			<li>Manufactured</li>
		</thingCategories>
	</ThingDef>
	
	<!--ThingDef ParentName="ResourceBase">
		<defName>Syntho_Fluid</defName>
		<label>sterile fluid</label>
		<description>One gallon of a thick, sterile fluid..</description>
		<tickerType>Normal</tickerType>
		<graphicData>
			<texPath>Syntho/Parts/Bone</texPath>
			<graphicClass>Graphic_StackCount</graphicClass>
			<drawSize>0.85</drawSize>
		</graphicData>
		<stackLimit>100</stackLimit>
		<statBases>
			<MaxHitPoints>50</MaxHitPoints>
			<MarketValue>2.1</MarketValue>
			<Mass>0.3</Mass>
			<Flammability>1.0</Flammability>
			<DeteriorationRate>1.0</DeteriorationRate>
		</statBases>
		<thingCategories>
			<li>Manufactured</li>
		</thingCategories>
	</ThingDef-->
</Defs>