<Defs>


  <BodyPartDef>
    <defName>SynthoHeart</defName>
    <label>heart</label>
    <hitPoints>20</hitPoints>
    <bleedRate>5</bleedRate>
    <skinCovered>false</skinCovered>
    <tags>
      <li>BloodPumpingSource</li>
    </tags>
    <spawnThingOnRemoved>Heart</spawnThingOnRemoved>
    <canSuggestAmputation>false</canSuggestAmputation>
  </BodyPartDef>

  <!--BodyPartDef>
    <defName>LeftLung</defName>
    <label>left lung</label>
    <hitPoints>20</hitPoints>
    <oldInjuryBaseChance>0.08</oldInjuryBaseChance>
    <skinCovered>false</skinCovered>
    <tags>
      <li>BreathingSource</li>
    </tags>
    <spawnThingOnRemoved>Lung</spawnThingOnRemoved>
  </BodyPartDef>

  <BodyPartDef>
    <defName>RightLung</defName>
    <label>right lung</label>
    <hitPoints>20</hitPoints>
    <oldInjuryBaseChance>0.08</oldInjuryBaseChance>
    <skinCovered>false</skinCovered>
    <tags>
      <li>BreathingSource</li>
    </tags>
    <spawnThingOnRemoved>Lung</spawnThingOnRemoved>
  </BodyPartDef>

  <BodyPartDef>
    <defName>LeftKidney</defName>
    <label>left kidney</label>
    <hitPoints>20</hitPoints>
    <oldInjuryBaseChance>0.08</oldInjuryBaseChance>
    <skinCovered>false</skinCovered>
    <tags>
      <li>BloodFiltrationKidney</li>
    </tags>
    <spawnThingOnRemoved>Kidney</spawnThingOnRemoved>
  </BodyPartDef>

  <BodyPartDef>
    <defName>RightKidney</defName>
    <label>right kidney</label>
    <hitPoints>20</hitPoints>
    <oldInjuryBaseChance>0.08</oldInjuryBaseChance>
    <skinCovered>false</skinCovered>
    <tags>
      <li>BloodFiltrationKidney</li>
    </tags>
    <spawnThingOnRemoved>Kidney</spawnThingOnRemoved>
  </BodyPartDef>

  <BodyPartDef>
    <defName>Liver</defName>
    <label>liver</label>
    <hitPoints>20</hitPoints>
    <oldInjuryBaseChance>0.08</oldInjuryBaseChance>
    <skinCovered>false</skinCovered>
    <tags>
      <li>BloodFiltrationLiver</li>
    </tags>
    <spawnThingOnRemoved>Liver</spawnThingOnRemoved>
    <dontSuggestAmputation>true</dontSuggestAmputation>
  </BodyPartDef>

  <BodyPartDef>
    <defName>Stomach</defName>
    <label>stomach</label>
    <hitPoints>25</hitPoints>
    <oldInjuryBaseChance>0.08</oldInjuryBaseChance>
    <skinCovered>false</skinCovered>
    <tags>
      <li>MetabolismSource</li>
    </tags>
  </BodyPartDef-->
  
</Defs>
